Séance;Ticker;Ouverture;Plus Haut;Plus Bas;Clôture;Titres Échangés;Contrôle OHLC
2023-06-05;ADH;8.42;8.79;8.41;8.7;10604769;
2023-06-06;ADH;8.72;9.07;8.7;8.95;13062848;
2023-06-07;ADH;9.01;9.25;8.74;8.74;18630263;
2023-06-08;ADH;8.69;8.7;8.22;8.22;3122018;
2023-06-09;ADH;8.48;8.71;8.34;8.71;4665716;
2023-06-12;ADH;8.95;9.23;8.8;9.23;12408938;
2023-06-13;ADH;9.45;9.78;9.42;9.78;24375033;
2023-06-14;ADH;9.97;10.36;9.85;10.36;13451089;
2023-06-15;ADH;10.57;10.98;10.57;10.98;41137540;
2023-06-16;ADH;11.0;11.0;10.33;10.33;12310917;
2023-06-19;ADH;9.78;10.49;9.72;9.72;24756963;
2023-06-20;ADH;9.72;10.3;9.71;10.3;16469853;
2023-06-21;ADH;10.91;10.91;10.3;10.3;16299559;
2023-06-22;ADH;10.2;10.48;9.82;10.1;9173560;
2023-06-23;ADH;10.19;10.19;9.9;9.99;2565954;
2023-06-26;ADH;10.0;10.14;9.82;9.85;1193325;
2023-06-27;ADH;9.83;10.0;9.47;9.9;3406614;
2023-06-28;ADH;9.99;10.0;9.75;9.8;798908;
2023-07-03;ADH;9.81;10.0;9.81;9.86;409338;
2023-07-04;ADH;9.88;10.45;9.88;10.45;10229826;
2023-07-05;ADH;10.7;11.06;10.56;10.86;8163086;
2023-07-06;ADH;10.95;10.95;10.53;10.78;4314840;
2023-07-07;ADH;10.57;10.77;10.51;10.61;2879281;
2023-07-10;ADH;10.71;10.71;10.21;10.21;2655933;
2023-07-11;ADH;10.15;10.38;10.05;10.1;2443030;
2023-07-12;ADH;10.0;10.1;9.95;10.05;1275883;
2023-07-13;ADH;9.98;10.45;9.83;10.07;8871792;
2023-07-14;ADH;10.27;10.39;9.99;10.0;3050457;
2023-07-17;ADH;10.1;10.35;10.01;10.06;518714;
2023-07-18;ADH;10.24;10.37;10.1;10.34;2995467;
2023-07-20;ADH;10.35;10.4;10.2;10.29;1656099;
2023-07-21;ADH;10.29;10.35;10.2;10.21;3849492;
2023-07-24;ADH;10.2;10.25;10.07;10.1;369001;
2023-07-25;ADH;10.1;10.2;9.89;9.89;1846747;
2023-07-26;ADH;9.9;10.19;9.87;9.95;772076;
2023-07-27;ADH;10.0;10.1;10.0;10.0;400420;
2023-07-28;ADH;10.05;10.15;10.0;10.0;1296997;
2023-07-31;ADH;10.1;10.15;10.02;10.1;740983;
2023-08-01;ADH;9.91;10.31;9.91;10.25;1404401;
2023-08-02;ADH;10.19;10.3;10.11;10.3;1052300;
2023-08-03;ADH;10.25;10.48;10.2;10.22;1691436;
2023-08-04;ADH;10.28;10.3;10.2;10.23;332127;
2023-08-07;ADH;10.21;10.28;10.11;10.22;623473;
2023-08-08;ADH;10.22;10.22;10.1;10.15;195090;
2023-08-09;ADH;10.19;10.19;10.04;10.06;206944;
2023-08-10;ADH;10.15;10.15;10.03;10.09;471483;
2023-08-11;ADH;10.14;10.61;10.02;10.45;13962287;
2023-08-15;ADH;10.51;10.58;10.2;10.2;2914816;
2023-08-16;ADH;10.2;10.4;10.2;10.4;476428;
2023-08-17;ADH;10.3;10.4;10.25;10.3;1424337;
2023-08-18;ADH;10.22;10.38;10.1;10.13;917649;
2023-08-22;ADH;10.3;10.3;10.18;10.19;344408;
2023-08-23;ADH;10.2;10.28;10.1;10.21;1099441;
2023-08-24;ADH;10.25;10.25;10.11;10.13;380518;
2023-08-25;ADH;10.11;10.22;10.11;10.13;309320;
2023-08-28;ADH;10.2;10.38;10.2;10.35;1829727;
2023-08-29;ADH;10.32;10.38;10.21;10.21;1218476;
2023-08-30;ADH;10.82;10.82;10.82;10.82;4625788;
2023-08-31;ADH;11.46;11.46;11.46;11.46;5965927;
2023-09-01;ADH;11.99;12.14;11.71;12.14;60886451;
2023-09-04;ADH;12.39;12.86;12.37;12.86;10718272;
2023-09-05;ADH;13.0;13.6;12.82;13.13;42172893;
2023-09-06;ADH;13.14;13.4;12.91;12.95;8809240;
2023-09-07;ADH;12.84;13.0;12.5;12.7;9093822;
2023-09-08;ADH;12.56;12.9;12.56;12.7;7342862;
2023-09-11;ADH;12.31;12.7;12.0;12.35;19180872;
2023-09-12;ADH;12.54;12.75;12.27;12.71;4590417;
2023-09-13;ADH;12.78;13.3;12.78;13.17;10961150;
2023-09-14;ADH;13.3;13.96;13.24;13.96;36590506;
2023-09-15;ADH;13.97;14.28;13.61;14.15;34119078;
2023-09-18;ADH;14.26;14.99;14.26;14.99;19966189;
2023-09-19;ADH;15.49;15.88;15.11;15.88;54296994;
2023-09-20;ADH;16.13;16.83;16.13;16.83;13859416;
2023-09-21;ADH;17.0;17.59;15.9;15.9;103551441;
2023-09-22;ADH;15.66;16.59;15.45;16.3;56195901;
2023-09-25;ADH;16.89;17.27;16.62;17.27;31250334;
2023-09-26;ADH;17.5;17.7;16.36;16.65;37773008;
2023-09-27;ADH;16.5;16.86;16.01;16.33;29844452;
2023-10-02;ADH;15.36;15.36;15.36;15.36;4394357;
2023-10-03;ADH;15.2;15.99;14.44;14.7;76645414;
2023-10-04;ADH;14.8;14.9;13.95;14.05;21899823;
2023-10-05;ADH;14.89;14.89;14.88;14.89;11313411;
2023-10-06;ADH;15.44;15.44;14.5;14.5;20200575;
2023-10-09;ADH;14.2;14.65;14.0;14.1;2986605;
2023-10-10;ADH;14.19;14.8;14.12;14.6;6060732;
2023-10-11;ADH;14.6;15.09;14.5;15.0;6111480;
2023-10-12;ADH;15.18;15.29;14.65;14.72;6381833;
2023-10-13;ADH;14.7;14.86;14.48;14.5;2969314;
2023-10-16;ADH;14.51;14.7;14.3;14.3;2610792;
2023-10-17;ADH;14.11;14.48;13.7;13.79;8947139;
2023-10-18;ADH;15.16;15.16;15.16;15.16;2372433;
2023-10-19;ADH;16.3;16.57;15.5;16.4;86379898;
2023-10-20;ADH;16.4;16.45;15.5;15.98;19145518;
2023-10-23;ADH;15.6;15.84;15.2;15.45;8199196;
2023-10-24;ADH;15.33;15.7;15.33;15.45;4412597;
2023-10-25;ADH;15.5;15.55;15.36;15.4;2142837;
2023-10-26;ADH;15.4;15.4;14.79;14.85;5097014;
2023-10-27;ADH;14.5;14.9;14.38;14.8;8913098;
2023-10-30;ADH;14.89;15.45;14.89;15.24;5760224;
2023-10-31;ADH;15.24;15.59;15.24;15.42;6981600;
2023-11-01;ADH;15.5;15.52;15.19;15.2;4407964;
2023-11-02;ADH;15.2;15.29;14.81;14.96;4698664;
2023-11-03;ADH;14.91;15.2;14.91;15.0;2199150;
2023-11-07;ADH;15.0;15.3;14.95;14.95;1610894;
2023-11-08;ADH;15.0;15.3;15.0;15.18;1805320;
2023-11-09;ADH;15.18;15.39;15.1;15.3;2317042;
2023-11-10;ADH;15.45;15.47;15.3;15.39;3550804;
2023-11-13;ADH;15.41;15.91;15.41;15.86;6099152;
2023-11-14;ADH;16.07;16.28;16.0;16.15;7640458;
2023-11-15;ADH;16.36;16.36;15.8;16.0;7257346;
2023-11-16;ADH;16.14;16.38;16.05;16.21;8722588;
2023-11-17;ADH;16.17;16.3;16.07;16.21;5128534;
2023-11-20;ADH;16.3;16.4;16.2;16.4;3478982;
2023-11-21;ADH;16.6;16.8;16.4;16.5;13202940;
2023-11-22;ADH;16.5;16.55;16.23;16.23;2824345;
2023-11-23;ADH;16.2;16.3;15.9;16.1;5032398;
2023-11-24;ADH;16.1;16.2;15.96;16.01;4547941;
2023-11-27;ADH;16.11;16.35;15.96;16.1;4283924;
2023-11-28;ADH;16.0;16.1;15.81;16.1;4797632;
2023-11-29;ADH;16.09;16.15;15.91;16.01;7880499;
2023-11-30;ADH;16.0;16.5;16.0;16.5;27775947;
2023-12-01;ADH;15.4;15.74;14.86;14.86;20202466;
2023-12-04;ADH;14.86;14.87;14.4;14.78;11169626;
2023-12-05;ADH;14.79;14.95;14.72;14.9;6080552;
2023-12-06;ADH;15.11;15.2;14.92;15.0;1636261;
2023-12-07;ADH;15.05;15.14;14.71;14.88;2861482;
2023-12-08;ADH;14.63;14.91;14.63;14.87;2318917;
2023-12-11;ADH;14.75;15.0;14.75;14.84;3367696;
2023-12-12;ADH;14.76;14.89;14.75;14.78;1872807;
2023-12-13;ADH;14.8;15.0;14.55;14.9;12294835;
2023-12-14;ADH;15.04;15.19;14.84;15.1;6249252;
2023-12-15;ADH;14.98;15.24;14.94;14.95;2053241;
2023-12-18;ADH;15.0;15.18;14.9;14.9;597834;
2023-12-19;ADH;15.05;15.14;14.93;15.03;2089703;
2023-12-20;ADH;15.05;15.1;14.93;14.93;1900869;
2023-12-21;ADH;14.93;14.99;14.7;14.7;2674650;
2023-12-22;ADH;14.88;14.9;14.52;14.6;1856340;
2023-12-25;ADH;14.74;14.74;14.4;14.4;9043882;
2023-12-26;ADH;14.45;14.47;14.2;14.3;1752924;
2023-12-27;ADH;14.4;14.4;14.05;14.34;2781826;
2023-12-28;ADH;14.37;14.43;14.19;14.3;4473444;
2023-12-29;ADH;14.3;14.47;14.3;14.33;1941265;
2024-01-02;ADH;14.69;14.98;14.36;14.83;3089502;
2024-01-03;ADH;14.95;15.15;14.94;15.15;6635720;
2024-01-04;ADH;15.31;15.39;14.9;15.1;10148207;
2024-01-05;ADH;15.13;15.85;14.96;15.75;15790085;
2024-01-08;ADH;16.19;16.75;16.02;16.49;34032443;
2024-01-09;ADH;16.48;16.48;16.22;16.41;14148893;
2024-01-10;ADH;16.4;16.4;16.2;16.2;7359138;
2024-01-12;ADH;16.22;16.23;15.78;16.0;8293729;
2024-01-15;ADH;15.99;15.99;15.5;15.75;3372580;
2024-01-16;ADH;15.56;15.78;15.56;15.72;1490828;
2024-01-17;ADH;15.79;16.3;15.79;16.3;7805953;
2024-01-18;ADH;16.49;16.8;16.49;16.8;19187727;
2024-01-19;ADH;17.0;17.15;16.74;16.89;14008178;
2024-01-22;ADH;16.79;16.81;16.6;16.81;6747628;
2024-01-23;ADH;16.8;16.87;16.6;16.61;6440531;
2024-01-24;ADH;16.68;16.8;16.45;16.64;9463060;
2024-01-25;ADH;16.6;16.66;16.1;16.4;6091198;
2024-01-26;ADH;16.27;16.53;16.27;16.3;2642567;
2024-01-29;ADH;16.27;16.5;16.01;16.01;4376455;
2024-01-30;ADH;16.01;16.02;15.84;16.0;17629191;
2024-01-31;ADH;16.15;16.4;16.05;16.08;1660341;
2024-02-01;ADH;16.1;16.4;15.97;15.97;2345815;
2024-02-02;ADH;16.06;16.16;15.9;15.94;2145923;
2024-02-05;ADH;16.0;16.06;15.8;15.94;1357459;
2024-02-06;ADH;15.92;16.1;15.75;16.0;4291694;
2024-02-07;ADH;16.07;16.45;16.07;16.3;4847015;
2024-02-08;ADH;16.39;16.64;16.32;16.45;3330504;
2024-02-09;ADH;16.45;16.5;16.22;16.3;2086105;
2024-02-12;ADH;16.15;16.28;16.13;16.13;1595891;
2024-02-13;ADH;16.02;16.18;15.9;16.0;2675847;
2024-02-14;ADH;16.3;16.3;15.9;15.92;6375510;
2024-02-15;ADH;16.0;16.0;15.9;15.95;1156986;
2024-02-16;ADH;15.86;16.95;15.85;16.75;18611028;
2024-02-19;ADH;16.79;17.1;16.55;16.65;13289127;
2024-02-20;ADH;16.5;16.51;16.2;16.28;7495609;
2024-02-21;ADH;16.2;16.59;16.2;16.47;3178534;
2024-02-22;ADH;16.59;16.66;16.33;16.5;4126139;
2024-02-23;ADH;16.51;17.3;16.51;17.15;32581707;
2024-02-26;ADH;17.48;17.7;17.3;17.6;15504721;
2024-02-27;ADH;17.8;17.8;17.31;17.53;6820330;
2024-02-28;ADH;17.41;17.7;17.16;17.2;15179150;
2024-02-29;ADH;17.82;18.15;17.71;18.0;54468175;
2024-03-01;ADH;18.1;18.49;18.03;18.4;9399409;
2024-03-04;ADH;18.5;19.15;18.5;18.8;18801565;
2024-03-05;ADH;19.1;19.54;19.1;19.5;31342576;
2024-03-06;ADH;19.6;19.79;19.15;19.2;14350239;
2024-03-07;ADH;19.2;19.25;18.81;18.81;6056441;
2024-03-08;ADH;18.81;19.37;18.56;18.89;17533682;
2024-03-11;ADH;19.18;19.18;18.87;18.9;9843568;
2024-03-12;ADH;19.0;19.3;18.92;18.92;17656530;
2024-03-13;ADH;18.95;19.1;18.9;19.0;6842267;
2024-03-14;ADH;19.0;19.28;19.0;19.28;16401204;
2024-03-15;ADH;19.49;20.09;19.48;20.0;62879080;
2024-03-18;ADH;20.2;20.98;20.2;20.8;35957080;
2024-03-19;ADH;21.12;22.64;21.0;21.8;51298441;
2024-03-20;ADH;21.8;21.8;20.9;21.0;62464045;
2024-03-21;ADH;21.35;21.8;21.0;21.23;19156254;
2024-03-22;ADH;21.97;21.97;21.36;21.5;15587723;
2024-03-25;ADH;22.0;22.3;21.72;22.25;28662056;
2024-03-26;ADH;22.4;22.4;21.4;21.4;20122313;
2024-03-27;ADH;21.1;21.5;21.0;21.15;16823441;
2024-03-28;ADH;21.2;21.94;21.2;21.5;17160958;
2024-03-29;ADH;21.45;21.45;20.58;20.6;27212441;
2024-04-01;ADH;22.2;22.65;22.0;22.65;27138516;
2024-04-02;ADH;23.4;23.78;22.81;23.78;52776641;
2024-04-03;ADH;24.1;26.0;24.1;24.5;60055235;
2024-04-04;ADH;24.8;24.99;23.8;24.0;29790374;
2024-04-05;ADH;23.86;25.7;23.52;25.68;64320343;
2024-04-08;ADH;27.25;28.24;27.0;28.24;93498826;
2024-04-09;ADH;31.0;31.06;28.6;31.06;131558077;
2024-04-15;ADH;32.0;34.16;30.1;34.16;111403086;
2024-04-16;ADH;35.2;37.57;35.2;37.5;230805902;
2024-04-17;ADH;36.7;37.0;33.76;35.15;142086472;
2024-04-18;ADH;35.55;37.95;35.55;36.2;70220388;
2024-04-19;ADH;37.1;37.1;35.3;35.5;55733275;
2024-04-22;ADH;35.5;35.5;31.96;31.96;88102834;
2024-04-23;ADH;28.77;32.48;28.77;32.48;136824141;
2024-04-24;ADH;34.2;34.5;32.05;32.05;34448617;
2024-04-25;ADH;31.74;33.48;31.0;33.0;24854088;
2024-04-26;ADH;33.1;33.7;32.2;33.0;31373278;
2024-04-29;ADH;33.44;34.0;33.35;33.49;13718749;
2024-04-30;ADH;33.2;33.49;32.0;32.4;18221952;
2024-05-02;ADH;32.5;33.25;32.3;32.3;18799822;
2024-05-03;ADH;32.9;32.96;30.5;30.5;30947590;
2024-05-06;ADH;29.61;30.94;28.01;30.0;46679654;
2024-05-07;ADH;30.5;31.3;29.81;30.0;21602592;
2024-05-08;ADH;30.3;30.5;29.7;29.73;10003655;
2024-05-09;ADH;29.3;30.7;28.01;30.6;39829490;
2024-05-10;ADH;31.0;31.49;30.15;31.1;15977913;
2024-05-13;ADH;31.36;31.99;31.26;31.95;9112397;
2024-05-14;ADH;32.0;33.35;32.0;32.61;19942498;
2024-05-15;ADH;32.5;33.23;32.2;32.3;14156701;
2024-05-16;ADH;32.5;32.5;31.0;31.15;14174794;
2024-05-17;ADH;31.11;31.5;30.5;31.5;148247525;
2024-05-20;ADH;31.89;31.99;31.6;31.75;2245376;
2024-05-21;ADH;31.89;31.89;30.25;30.78;6889621;
2024-05-22;ADH;30.74;30.8;29.5;29.8;13268294;
2024-05-23;ADH;29.8;29.99;29.1;29.31;5453473;
2024-05-24;ADH;29.31;29.75;28.8;29.49;5469520;
2024-05-27;ADH;29.6;29.65;29.15;29.24;5955168;
2024-05-28;ADH;29.6;30.99;29.5;30.1;13942093;
2024-05-29;ADH;30.68;31.4;29.5;29.5;17122055;
2024-05-30;ADH;30.0;30.3;29.53;29.92;8189602;
2024-05-31;ADH;29.85;30.48;29.4;30.0;21539707;
2024-06-03;ADH;31.05;32.5;30.55;31.5;48206561;
2024-06-04;ADH;31.1;31.97;31.1;31.3;11321054;
2024-06-05;ADH;31.29;31.29;29.0;29.0;21760675;
2024-06-06;ADH;29.2;30.2;28.95;30.15;10997216;
2024-06-07;ADH;30.25;30.6;29.67;29.7;11598937;
2024-06-10;ADH;30.0;30.0;29.02;29.7;2947213;
2024-06-11;ADH;29.8;29.9;29.3;29.9;2595516;
2024-06-12;ADH;29.8;30.0;29.4;29.4;5063607;
2024-06-13;ADH;29.43;30.0;29.4;29.7;4010702;
2024-06-14;ADH;29.75;29.99;29.6;29.74;1304074;
2024-06-19;ADH;29.74;30.2;29.74;29.75;2883886;
2024-06-20;ADH;29.75;30.2;29.6;29.75;2409271;
2024-06-21;ADH;29.99;29.99;29.6;29.61;1334159;
2024-06-24;ADH;29.6;29.9;29.35;29.36;1580032;
2024-06-25;ADH;29.5;31.0;28.4;30.0;23364133;
2024-06-26;ADH;30.0;30.5;29.32;29.55;2693942;
2024-06-27;ADH;29.36;30.49;29.36;30.01;9007124;
2024-06-28;ADH;29.8;30.3;29.7;30.28;4967721;
2024-07-01;ADH;29.7;30.0;29.21;29.21;4649952;
2024-07-02;ADH;29.22;29.5;28.8;28.8;4024885;
2024-07-03;ADH;28.55;28.99;27.4;28.69;6597975;
2024-07-04;ADH;28.5;29.4;28.5;29.0;3736934;
2024-07-05;ADH;29.16;30.0;29.16;29.7;7397959;
2024-07-08;ADH;29.8;29.8;29.21;29.21;588494;
2024-07-09;ADH;29.5;29.7;29.0;29.25;2413989;
2024-07-10;ADH;29.25;29.59;28.9;29.0;1138664;
2024-07-11;ADH;28.99;29.3;28.52;28.67;2551686;
2024-07-12;ADH;28.96;29.0;28.62;28.73;1204228;
2024-07-15;ADH;29.22;29.22;28.6;28.73;1597476;
2024-07-16;ADH;28.72;29.29;28.72;29.16;1199771;
2024-07-17;ADH;29.15;29.99;29.1;29.32;15717500;
2024-07-18;ADH;29.3;29.67;28.9;29.28;6530037;
2024-07-19;ADH;29.3;29.7;28.8;28.99;5701197;
2024-07-22;ADH;29.0;29.69;28.99;29.5;5144003;
2024-07-23;ADH;29.68;30.99;29.68;30.15;20121803;
2024-07-24;ADH;30.3;30.49;29.8;29.96;8545203;
2024-07-25;ADH;29.7;29.9;29.5;29.59;5148148;
2024-07-26;ADH;29.7;30.6;29.7;30.46;19233488;
2024-07-29;ADH;30.52;31.66;30.51;31.59;22557304;
2024-07-31;ADH;32.5;33.38;31.91;32.0;31103327;
2024-08-01;ADH;32.21;32.35;31.05;31.31;6205285;
2024-08-02;ADH;31.5;31.94;30.7;31.2;11288174;
2024-08-05;ADH;30.1;31.0;28.51;28.52;47054060;
2024-08-06;ADH;29.62;29.9;29.12;29.53;12938142;
2024-08-07;ADH;30.0;30.45;29.86;30.05;4917325;
2024-08-08;ADH;29.97;30.0;29.4;29.42;6220443;
2024-08-09;ADH;29.5;29.99;29.21;29.9;2889846;
2024-08-12;ADH;29.89;30.5;29.75;30.15;5776050;
2024-08-13;ADH;30.51;30.65;30.0;30.16;3133534;
2024-08-15;ADH;30.02;30.7;29.9;30.6;3928231;
2024-08-16;ADH;30.84;30.84;30.25;30.29;4595107;
2024-08-19;ADH;30.35;30.75;30.12;30.69;3970446;
2024-08-22;ADH;30.85;30.98;30.61;30.72;8895225;
2024-08-23;ADH;30.83;30.83;30.2;30.45;3581646;
2024-08-26;ADH;30.3;30.7;30.3;30.38;5773091;
2024-08-27;ADH;30.5;30.5;30.0;30.0;6551769;
2024-08-28;ADH;30.01;30.3;29.9;30.01;8448007;
2024-08-29;ADH;30.4;30.81;30.0;30.81;12452283;
2024-08-30;ADH;30.9;31.15;30.5;31.0;12396872;
2024-09-02;ADH;34.09;34.09;34.09;34.09;14734584;
2024-09-03;ADH;34.99;36.23;34.1;34.22;111410184;
2024-09-04;ADH;33.99;34.4;32.62;34.3;23906911;
2024-09-05;ADH;34.82;35.25;34.05;35.2;31844657;
2024-09-06;ADH;35.72;35.93;35.1;35.1;29367513;
2024-09-09;ADH;35.4;37.5;35.25;37.5;41557713;
2024-09-10;ADH;38.1;38.5;36.51;36.51;28159116;
2024-09-11;ADH;36.32;36.95;35.54;36.0;19877236;
2024-09-12;ADH;36.15;37.0;35.75;36.5;6344772;
2024-09-13;ADH;36.95;36.95;36.05;36.5;9040890;
2024-09-18;ADH;36.5;37.65;36.21;37.53;12759743;
2024-09-19;ADH;37.99;38.53;37.61;37.99;53790736;
2024-09-20;ADH;37.99;38.44;37.7;37.7;13433463;
2024-09-23;ADH;37.7;37.7;37.21;37.6;4621846;
2024-09-24;ADH;37.7;38.35;36.61;36.87;19812679;
2024-09-25;ADH;36.97;37.85;36.8;37.85;14054067;
2024-09-26;ADH;38.0;38.5;38.0;38.4;17777682;
2024-09-27;ADH;38.48;39.39;38.11;39.3;43213075;
2024-09-30;ADH;40.45;40.45;39.25;39.25;32504449;
2024-10-01;ADH;39.5;39.6;37.3;37.8;36335747;
2024-10-02;ADH;36.68;37.4;36.1;36.49;34872322;
2024-10-03;ADH;36.49;37.25;36.12;36.12;8303247;
2024-10-04;ADH;36.5;37.0;36.12;36.3;8820585;
2024-10-07;ADH;36.83;36.95;35.96;36.0;6745737;
2024-10-08;ADH;35.3;35.85;34.0;34.51;21406618;
2024-10-09;ADH;34.99;35.48;34.7;35.48;6091819;
2024-10-10;ADH;35.7;35.94;34.6;34.8;11246602;
2024-10-11;ADH;34.65;34.99;33.3;33.3;18530881;
2024-10-14;ADH;33.99;33.99;32.0;32.1;27719013;
2024-10-15;ADH;32.85;33.5;32.3;32.5;15104280;
2024-10-16;ADH;32.26;32.26;31.27;31.7;17376450;
2024-10-17;ADH;32.1;34.86;32.1;34.86;27786532;
2024-10-18;ADH;35.05;35.7;33.5;33.5;21694817;
2024-10-21;ADH;33.5;34.5;33.49;33.49;6089611;
2024-10-22;ADH;33.3;33.96;33.0;33.42;5702758;
2024-10-23;ADH;33.56;34.5;33.31;34.5;11637912;
2024-10-24;ADH;34.75;35.45;34.12;34.89;11015459;
2024-10-25;ADH;34.56;35.25;34.45;35.0;12207081;
2024-10-28;ADH;35.15;36.19;34.9;35.0;20755233;
2024-10-29;ADH;35.05;35.6;34.26;34.5;13266968;
2024-10-30;ADH;34.85;34.85;33.8;33.9;8230462;
2024-10-31;ADH;34.0;34.49;33.5;34.0;10983485;
2024-11-01;ADH;34.49;35.19;34.0;34.5;17103792;
2024-11-04;ADH;35.08;35.08;34.22;34.5;1909813;
2024-11-05;ADH;34.4;34.87;34.2;34.21;2572347;
2024-11-07;ADH;34.7;35.1;34.32;34.85;4979347;
2024-11-08;ADH;35.0;37.1;35.0;37.0;41653173;
2024-11-11;ADH;37.0;37.15;36.35;36.75;7338050;
2024-11-12;ADH;36.94;37.0;35.8;36.0;12938893;
2024-11-13;ADH;35.9;36.4;35.35;35.35;6109502;
2024-11-14;ADH;35.8;35.8;35.0;35.49;3895625;
2024-11-15;ADH;35.5;36.2;35.3;36.2;14375442;
2024-11-19;ADH;36.51;37.15;36.51;37.0;19206389;
2024-11-20;ADH;37.0;38.35;37.0;38.0;45470113;
2024-11-21;ADH;38.06;39.15;37.8;37.98;99264748;
2024-11-22;ADH;37.9;37.99;37.01;37.6;14105245;
2024-11-25;ADH;37.5;37.67;36.65;37.35;17303779;
2024-11-26;ADH;37.5;38.6;37.5;38.4;12684583;
2024-11-27;ADH;38.4;39.94;38.4;39.28;55479696;
2024-11-28;ADH;39.49;40.21;39.0;40.21;58667094;
2024-11-29;ADH;40.56;40.89;40.31;40.61;68294983;
2024-12-02;ADH;38.1;38.4;37.53;38.0;62013599;
2024-12-03;ADH;38.0;38.0;37.2;37.2;34076853;
2024-12-04;ADH;37.0;38.25;36.6;37.8;22860774;
2024-12-05;ADH;38.0;39.05;38.0;38.66;15094565;
2024-12-06;ADH;39.9;40.0;39.0;39.0;25249278;
2024-12-09;ADH;39.59;39.8;38.52;38.8;12272545;
2024-12-10;ADH;39.18;39.19;38.26;38.5;6343573;
2024-12-11;ADH;38.4;38.5;37.7;37.99;14831363;
2024-12-12;ADH;38.24;38.25;37.92;38.05;3856844;
2024-12-13;ADH;37.93;38.2;37.9;37.9;12728255;
2024-12-16;ADH;37.91;38.05;37.5;37.86;5657736;
2024-12-17;ADH;37.65;39.3;37.51;38.0;26283198;
2024-12-18;ADH;37.95;38.16;37.58;37.58;5271903;
2024-12-19;ADH;37.05;37.5;36.66;36.9;18229998;
2024-12-20;ADH;37.0;37.2;36.68;36.7;6799314;
2024-12-23;ADH;36.92;36.92;36.41;36.7;10903795;
2024-12-24;ADH;36.5;37.0;35.51;36.0;15755074;
2024-12-25;ADH;35.98;36.0;35.4;36.0;6406164;
2024-12-26;ADH;35.54;38.0;35.52;38.0;31590365;
2024-12-27;ADH;38.0;38.5;38.0;38.5;173592530;
2024-12-30;ADH;38.45;38.95;38.02;38.95;16977614;
2024-12-31;ADH;39.0;39.79;38.8;39.3;44203631;
2025-01-02;ADH;39.69;43.0;39.5;42.5;110407182;
2025-01-03;ADH;43.15;45.0;42.8;44.31;137522774;
2025-01-06;ADH;44.61;45.0;43.0;43.9;42203126;
2025-01-07;ADH;43.5;45.33;43.28;45.33;38206653;
2025-01-08;ADH;45.99;47.5;45.99;46.25;84157336;
2025-01-09;ADH;47.26;48.0;46.3;46.3;62532913;
2025-01-10;ADH;46.95;47.0;45.11;45.51;55176034;
2025-01-13;ADH;46.0;46.0;45.0;45.0;7837183;
2025-01-15;ADH;45.4;46.0;45.4;45.99;4888305;
2025-01-16;ADH;46.05;47.3;46.05;46.5;21031772;
2025-01-17;ADH;46.89;47.6;46.56;46.56;34896840;
2025-01-20;ADH;47.25;47.25;46.21;46.22;16234021;
2025-01-21;ADH;46.0;46.1;45.0;45.0;27898507;
2025-01-22;ADH;44.6;45.0;42.8;44.2;27145963;
2025-01-23;ADH;45.1;45.9;45.0;45.9;24788421;
2025-01-24;ADH;45.9;46.29;45.0;46.1;12432940;
2025-01-27;ADH;46.05;46.05;44.81;45.0;10461285;
2025-01-28;ADH;45.0;45.0;44.83;44.9;8088467;
2025-01-29;ADH;45.0;46.8;45.0;45.98;12947302;
2025-01-30;ADH;46.0;46.15;45.8;45.95;9547505;
2025-01-31;ADH;45.6;45.9;44.75;44.8;18312886;
2025-02-03;ADH;45.0;45.0;44.8;44.8;1435304;
2025-02-04;ADH;44.95;45.49;44.8;45.0;8272872;
2025-02-05;ADH;45.7;45.7;44.76;44.8;4349596;
2025-02-06;ADH;45.0;45.0;44.5;44.5;5211544;
2025-02-07;ADH;44.5;44.8;43.81;44.45;12374924;
2025-02-10;ADH;44.11;44.8;44.0;44.6;8643370;
2025-02-11;ADH;44.5;44.55;43.9;44.0;23649865;
2025-02-12;ADH;44.0;44.1;43.7;44.0;8941398;
2025-02-13;ADH;44.46;44.46;42.8;43.0;25032083;
2025-02-14;ADH;43.02;44.0;42.97;44.0;12904936;
2025-02-17;ADH;44.6;45.49;44.5;45.35;15326220;
2025-02-18;ADH;45.35;45.8;44.99;44.99;8335099;
2025-02-19;ADH;45.4;45.53;43.8;44.9;17655109;
2025-02-20;ADH;44.99;45.0;43.82;44.99;11945352;
2025-02-21;ADH;44.99;44.99;44.0;44.0;14826686;
2025-02-24;ADH;44.0;44.5;43.2;43.47;8371948;
2025-02-25;ADH;43.31;44.49;43.21;44.0;8839833;
2025-02-26;ADH;44.0;44.8;43.51;44.3;10727849;
2025-02-27;ADH;45.45;45.49;43.5;43.5;31697539;
2025-02-28;ADH;44.0;44.0;41.1;41.77;20460775;
2025-03-03;ADH;42.0;42.5;41.8;42.5;4967395;
2025-03-04;ADH;43.09;43.09;41.8;41.8;3198748;
2025-03-05;ADH;42.0;42.0;40.81;40.86;6090919;
2025-03-06;ADH;40.86;41.79;40.86;41.0;3964660;
2025-03-07;ADH;41.0;41.5;40.01;41.0;8493271;
2025-03-10;ADH;41.8;41.9;41.0;41.0;4521467;
2025-03-11;ADH;41.11;41.9;41.0;41.57;2022848;
2025-03-12;ADH;41.88;41.88;39.5;40.0;20791910;
2025-03-13;ADH;40.1;41.4;40.1;41.0;6570255;
2025-03-14;ADH;41.0;41.3;40.1;41.0;19922343;
2025-03-17;ADH;41.0;41.8;40.8;41.0;5871822;
2025-03-18;ADH;41.0;41.45;40.75;40.9;6214721;
2025-03-19;ADH;42.0;42.0;40.9;41.16;27952029;
2025-03-20;ADH;41.3;45.27;41.02;45.27;84396537;
2025-03-21;ADH;46.15;47.25;45.95;45.95;52948909;
2025-03-24;ADH;45.05;46.7;45.05;46.51;25104558;
2025-03-25;ADH;47.11;47.2;46.0;46.0;22768927;
2025-03-26;ADH;46.01;46.7;45.55;46.56;45028468;
2025-03-27;ADH;46.56;47.0;45.26;46.45;48353345;
2025-03-28;ADH;47.5;47.55;45.52;45.58;27847103;
2025-04-02;ADH;45.57;45.8;43.75;44.15;26298013;
2025-04-03;ADH;44.21;44.5;41.5;42.9;20454872;
2025-04-04;ADH;43.0;43.78;41.5;43.0;17042914;
2025-04-07;ADH;40.1;41.4;38.71;39.3;53236083;
2025-04-08;ADH;40.9;41.1;39.8;39.9;36583665;
2025-04-09;ADH;38.0;40.0;37.61;37.71;30568106;
2025-04-10;ADH;40.96;40.96;38.75;38.75;23675738;
2025-04-11;ADH;39.01;39.7;37.81;37.81;16891005;
2025-04-14;ADH;39.0;39.73;39.0;39.25;21303344;
2025-04-15;ADH;39.55;41.84;39.31;41.84;35849996;
2025-04-16;ADH;42.1;42.6;41.6;41.6;8443562;
2025-04-17;ADH;41.41;41.7;41.15;41.21;22233827;
2025-04-18;ADH;41.0;41.2;40.02;40.02;10845415;
2025-04-21;ADH;41.0;41.0;40.0;40.0;4380098;
2025-04-22;ADH;39.41;39.98;38.05;38.05;26239813;
2025-04-23;ADH;40.0;40.0;37.85;38.95;21043762;
2025-04-24;ADH;38.99;39.49;38.05;38.05;14845903;
2025-04-25;ADH;38.75;38.98;38.1;38.1;8231871;
2025-04-28;ADH;38.95;39.0;38.09;38.1;6690199;
2025-04-29;ADH;38.17;38.87;38.05;38.1;4947675;
2025-04-30;ADH;38.39;38.39;37.92;38.1;16381065;
2025-05-02;ADH;38.1;38.6;38.1;38.48;1670484;
2025-05-05;ADH;39.0;39.2;38.56;38.56;4159333;
2025-05-06;ADH;38.96;40.15;38.95;40.15;45334634;
2025-05-07;ADH;40.5;40.5;39.21;39.5;3257044;
2025-05-08;ADH;39.89;39.89;39.02;39.02;1687803;
2025-05-09;ADH;39.38;39.48;39.02;39.48;749416;
2025-05-12;ADH;39.8;40.49;39.0;39.8;15688427;
2025-05-13;ADH;39.5;39.8;38.6;38.7;8533299;
2025-05-14;ADH;39.1;39.25;38.2;38.2;31082362;
2025-05-15;ADH;38.22;39.0;38.1;38.13;3286527;
2025-05-16;ADH;38.3;38.3;37.0;37.0;23212862;
2025-05-19;ADH;36.79;36.79;35.0;36.29;17540867;
2025-05-20;ADH;35.8;37.7;35.4;36.99;15336343;
2025-05-21;ADH;38.4;38.4;36.0;36.5;10420231;
2025-05-22;ADH;37.0;37.24;36.2;37.12;5378465;
2025-05-23;ADH;36.6;37.0;35.6;35.62;12342606;
2025-05-26;ADH;35.62;35.99;35.0;35.0;6320679;
2025-05-27;ADH;35.0;35.48;34.4;34.77;9459189;
2025-05-28;ADH;34.89;35.2;34.0;34.0;11341052;
2025-05-29;ADH;34.01;36.6;34.01;36.53;26533901;
2025-05-30;ADH;35.9;37.44;35.9;36.0;20886595;
2025-06-02;ADH;36.9;37.1;36.12;36.52;15316466;
2025-06-03;ADH;37.5;37.5;36.22;36.22;13817707;
2025-06-04;ADH;36.5;37.19;36.12;37.0;26164389;
2025-06-05;ADH;37.41;38.2;37.41;38.2;21881544;
2025-06-06;ADH;38.33;38.66;38.2;38.5;11647976;
2025-06-10;ADH;38.6;39.25;37.96;39.01;8851818;
2025-06-11;ADH;39.06;39.34;38.5;39.05;13172900;
2025-06-12;ADH;38.52;38.98;37.77;38.2;2777661;
2025-06-13;ADH;37.65;37.99;35.35;37.03;46674790;
2025-06-16;ADH;36.45;36.5;35.6;35.6;32645437;
2025-06-17;ADH;36.0;36.49;35.0;35.0;15435707;
2025-06-18;ADH;35.0;35.58;34.5;34.6;4912039;
2025-06-19;ADH;34.4;34.6;32.5;34.0;19848016;
2025-06-20;ADH;34.6;36.28;34.5;35.0;26265931;
2025-06-23;ADH;35.6;35.6;34.01;34.8;3880819;
2025-06-24;ADH;36.44;37.0;36.0;36.7;30792281;
2025-06-25;ADH;36.98;36.98;36.5;36.9;5704842;
2025-06-26;ADH;36.96;37.05;36.7;36.87;11653777;
2025-06-30;ADH;36.02;36.99;35.83;36.99;7200492;
2025-07-01;ADH;36.68;36.7;35.01;36.5;4089562;
2025-07-02;ADH;36.1;36.5;35.8;36.01;3892060;
2025-07-03;ADH;36.29;36.29;35.86;36.11;2480414;
2025-07-04;ADH;36.0;36.28;35.8;36.01;4217831;
2025-07-07;ADH;36.01;36.3;35.9;36.18;2106732;
2025-07-08;ADH;36.0;36.33;35.6;36.17;1030315;
2025-07-09;ADH;36.1;36.23;35.8;35.92;3100879;
2025-07-10;ADH;35.95;36.0;35.5;35.9;6011377;
2025-07-11;ADH;36.0;36.1;35.6;35.82;12841416;
2025-07-14;ADH;35.55;36.0;35.5;35.86;18994566;
2025-07-15;ADH;35.66;35.97;35.5;35.8;7447440;
2025-07-16;ADH;35.6;35.8;35.53;35.6;3025933;
2025-07-17;ADH;35.6;37.0;35.5;36.0;9393380;
2025-07-18;ADH;36.51;36.95;36.0;36.9;5455907;
2025-07-21;ADH;36.5;36.9;36.0;36.55;3883600;
2025-07-22;ADH;36.49;36.59;36.02;36.58;7095170;
2025-07-23;ADH;36.4;36.5;35.5;36.0;6740129;
2025-07-24;ADH;36.0;36.2;35.51;35.85;4723613;
2025-07-25;ADH;35.9;37.9;35.9;37.87;32671078;
2025-07-28;ADH;38.0;38.3;37.13;37.2;5272787;
2025-07-29;ADH;37.2;37.5;36.5;37.18;18726158;
2025-07-31;ADH;37.18;37.2;36.52;37.0;17691171;
2025-08-01;ADH;37.0;37.1;36.7;36.7;18281765;
2025-08-04;ADH;37.0;37.15;36.01;37.15;16744195;
2025-08-05;ADH;37.2;38.2;37.15;38.2;27449634;
2025-08-06;ADH;38.51;38.76;38.23;38.76;19187447;
2025-08-07;ADH;39.01;40.22;39.01;40.0;35160980;
2025-08-08;ADH;40.85;41.75;40.85;41.75;46024071;
2025-08-11;ADH;42.0;42.47;40.6;40.72;20245096;
2025-08-12;ADH;40.72;41.0;39.92;40.05;14562158;
2025-08-13;ADH;40.15;40.7;40.0;40.7;5443829;
2025-08-15;ADH;40.3;40.7;40.03;40.4;5488861;
2025-08-18;ADH;39.7;40.0;39.0;39.35;4566680;
2025-08-19;ADH;39.11;39.2;38.15;38.61;27564376;
2025-08-22;ADH;39.1;39.2;38.63;39.05;2957031;
2025-08-25;ADH;39.2;39.98;39.0;39.98;4024287;
2025-08-26;ADH;40.02;40.95;39.9;39.9;19860706;
2025-08-27;ADH;39.8;40.24;39.8;39.92;4504368;
2025-08-28;ADH;40.0;40.0;38.91;39.0;5956155;
2025-08-29;ADH;38.75;39.0;38.5;38.5;7853962;
2025-09-01;ADH;41.97;42.34;40.0;42.34;144825214;
2025-09-02;ADH;42.0;44.3;40.8;43.6;74427629;
2025-09-03;ADH;43.5;43.5;42.6;42.99;17815833;
2025-09-04;ADH;42.99;42.99;41.2;41.7;61927834;
2025-09-08;ADH;41.6;41.88;41.2;41.35;8756208;
2025-09-09;ADH;41.35;41.35;40.0;40.0;10616848;
2025-09-10;ADH;40.02;41.38;40.02;41.0;2871910;
2025-09-11;ADH;41.1;41.7;40.61;40.61;23931455;
2025-09-12;ADH;41.44;41.7;40.8;40.8;3885633;
2025-09-15;ADH;41.48;41.5;40.51;40.59;2813704;
2025-09-16;ADH;40.99;40.99;40.0;40.5;7433745;
2025-09-17;ADH;40.22;40.52;40.11;40.11;1901117;
2025-09-18;ADH;40.03;40.35;40.0;40.09;4908229;
2025-09-19;ADH;40.0;40.05;39.2;39.2;2503798;
2025-09-22;ADH;39.85;39.85;39.25;39.7;1217683;
2025-09-23;ADH;39.99;40.98;39.3;39.3;4876502;
2025-09-24;ADH;39.5;40.3;39.21;40.3;4340505;
2025-09-25;ADH;40.24;40.24;39.24;39.5;3067581;
2025-09-26;ADH;39.23;40.0;38.64;40.0;10669715;
2025-09-29;ADH;38.87;39.5;38.11;38.11;8556894;
2025-09-30;ADH;38.69;39.25;36.5;38.7;14586657;
2025-10-01;ADH;38.1;38.11;37.0;37.0;7019480;
2025-10-02;ADH;36.0;37.5;34.5;37.0;12237081;
2025-10-03;ADH;37.28;38.99;37.28;38.38;10181202;
2025-10-06;ADH;39.0;39.25;38.24;38.24;6233298;
2025-10-07;ADH;38.48;38.48;37.5;37.5;4627869;
2025-10-08;ADH;37.54;37.89;37.05;37.05;4346550;
2025-10-09;ADH;37.06;37.4;36.79;36.79;3684224;
2025-10-10;ADH;36.79;37.0;36.15;36.15;7290430;
2025-10-13;ADH;36.99;37.0;35.5;36.0;2479424;
2025-10-14;ADH;36.88;36.88;35.03;35.03;9837911;
2025-10-15;ADH;35.1;35.9;34.03;34.91;11011092;
2025-10-16;ADH;35.26;36.19;35.26;36.0;6195227;
2025-10-17;ADH;36.49;36.79;36.0;36.79;5099731;
2025-10-20;ADH;37.0;38.3;37.0;37.61;6953320;
2025-10-21;ADH;37.99;39.45;37.71;39.45;42560677;
2025-10-22;ADH;39.52;40.8;39.52;40.5;26957925;
2025-10-23;ADH;40.94;40.94;39.51;40.25;6250072;
2025-10-24;ADH;39.95;40.9;39.3;40.9;3431317;
2025-10-27;ADH;40.6;40.89;39.8;40.0;2561835;
2025-10-28;ADH;39.39;41.2;39.39;40.89;26508693;
2025-10-29;ADH;40.6;42.2;40.6;41.4;29579968;
2025-10-30;ADH;41.4;41.5;40.55;41.44;18035241;
2025-10-31;ADH;41.37;41.4;40.71;40.91;5923138;
2025-11-03;ADH;42.1;42.78;41.1;41.1;15627409;
2025-11-04;ADH;41.0;41.25;39.05;40.01;4144643;
2025-11-05;ADH;39.8;40.6;39.8;40.14;2174330;
2025-11-07;ADH;40.24;40.24;39.71;39.71;7226824;
2025-11-10;ADH;39.8;40.25;39.05;39.22;1269937;
2025-11-11;ADH;39.22;39.4;37.6;37.6;8710333;
2025-11-12;ADH;37.8;38.6;37.16;37.35;3334243;
2025-11-13;ADH;37.91;38.1;37.51;37.69;1718664;
2025-11-14;ADH;38.69;38.69;37.69;37.81;2738319;
2025-11-17;ADH;38.48;38.48;37.21;37.5;7608290;
2025-11-19;ADH;37.11;37.98;36.6;36.71;8690777;
2025-11-20;ADH;37.3;37.3;36.01;36.01;8060755;
2025-11-21;ADH;36.15;36.68;36.1;36.21;7696122;
2025-11-24;ADH;37.2;37.5;36.3;37.5;6567213;
2025-11-25;ADH;37.65;37.8;37.11;37.64;2859777;
2025-11-26;ADH;37.15;37.8;37.15;37.79;2494344;
2025-11-27;ADH;37.7;37.9;37.0;37.72;12591891;
2025-11-28;ADH;37.5;37.95;37.12;37.6;13933694;
2025-12-01;ADH;36.9;36.9;36.0;36.0;11869112;
2025-12-02;ADH;36.53;36.53;35.53;36.11;6642581;
2025-12-03;ADH;36.23;36.9;36.23;36.7;1099079;
2025-12-04;ADH;36.6;36.79;36.33;36.4;1920186;
2025-12-05;ADH;36.7;36.7;36.21;36.55;2677630;
2025-12-08;ADH;36.4;37.4;35.61;35.61;3627233;
2025-12-09;ADH;36.4;36.4;35.9;36.0;4559873;
2025-12-10;ADH;36.55;36.7;35.8;35.9;3578199;
2025-12-11;ADH;36.0;36.0;34.8;35.0;7896681;
2025-12-12;ADH;35.5;35.8;35.01;35.4;4252249;
2025-12-15;ADH;35.4;35.9;34.8;34.8;7002674;
2025-12-16;ADH;34.61;35.38;34.52;34.75;3599010;
2025-12-17;ADH;35.0;35.3;34.5;34.52;7191177;
2025-12-18;ADH;35.0;35.8;34.7;34.86;3760221;
2025-12-19;ADH;35.1;35.15;34.9;35.0;7328024;
2025-12-22;ADH;35.1;35.1;34.83;35.04;2399869;
2025-12-23;ADH;35.0;35.48;34.77;34.99;2977689;
2025-12-24;ADH;34.99;34.99;34.67;34.77;3527217;
2025-12-25;ADH;34.85;36.0;34.7;35.3;12059789;
2025-12-26;ADH;35.5;36.0;34.0;36.0;18489241;
2025-12-29;ADH;35.01;35.79;34.41;35.0;14715785;
2025-12-30;ADH;35.1;35.1;34.0;34.95;20530350;
2025-12-31;ADH;34.61;35.98;34.6;35.98;8831417;
2026-01-02;ADH;36.0;36.2;35.15;35.89;1271431;
2026-01-05;ADH;35.97;35.99;35.51;35.94;5653405;
2026-01-06;ADH;35.7;36.48;35.7;36.2;7590213;
2026-01-07;ADH;36.2;36.4;35.8;35.8;7002423;
2026-01-08;ADH;35.8;36.0;35.04;35.04;4842191;
2026-01-09;ADH;35.5;35.5;34.73;35.17;13632802;
2026-01-12;ADH;35.04;35.75;35.04;35.6;1360543;
2026-01-13;ADH;35.02;35.48;34.65;34.65;5457112;
2026-01-15;ADH;34.7;35.5;34.11;34.5;4167863;
2026-01-16;ADH;34.5;34.89;34.31;34.45;26576953;
2026-01-19;ADH;34.32;34.7;34.15;34.5;1861749;
2026-01-20;ADH;34.2;34.5;33.9;34.2;7491412;
2026-01-21;ADH;34.35;34.44;33.92;34.0;5195514;
2026-01-22;ADH;34.43;34.45;33.67;33.67;3103873;
2026-01-23;ADH;33.65;33.99;32.0;32.0;33638817;
2026-01-26;ADH;32.05;32.49;30.52;31.0;15660437;
2026-01-27;ADH;31.01;31.99;31.0;31.85;7040616;
2026-01-28;ADH;32.01;33.99;32.01;32.99;4925746;
2026-01-29;ADH;33.6;33.67;32.11;32.15;1319253;
2026-01-30;ADH;32.5;32.5;31.15;31.15;6223159;
2026-02-02;ADH;32.45;32.45;30.65;30.65;4670332;
2026-02-03;ADH;30.95;31.79;30.61;30.61;2353558;
2026-02-04;ADH;30.5;30.74;30.2;30.2;7773505;
2026-02-05;ADH;30.3;30.65;29.8;29.8;32404375;
2026-02-06;ADH;30.0;30.0;28.4;29.9;12417150;
2026-02-09;ADH;30.33;30.8;30.06;30.15;2327819;
2026-02-10;ADH;30.6;30.66;30.0;30.0;1445114;
2026-02-11;ADH;30.29;30.29;30.02;30.26;482034;
2026-02-12;ADH;30.46;30.6;30.2;30.4;2911701;
2026-02-13;ADH;30.0;30.0;28.2;28.2;34737169;
2026-02-16;ADH;30.01;30.8;29.8;30.0;53534766;
2026-02-17;ADH;29.58;30.6;29.5;29.99;8426067;
2026-02-18;ADH;30.3;31.19;29.51;31.0;10641943;
2026-02-19;ADH;31.5;31.5;30.3;30.4;3885326;
2026-02-20;ADH;30.4;30.5;30.1;30.5;5516883;
2026-02-23;ADH;31.09;31.17;30.5;30.5;2623510;
2026-02-24;ADH;30.6;30.6;30.15;30.21;4906817;
2026-02-25;ADH;30.45;30.45;29.22;29.5;4156510;
2026-02-26;ADH;29.35;29.49;28.86;28.99;5099102;
2026-02-27;ADH;28.5;29.28;28.42;28.49;17919090;
2026-03-02;ADH;26.24;27.9;26.21;27.5;13621187;
2026-03-03;ADH;27.0;27.5;25.01;26.0;15390909;
2026-03-04;ADH;26.3;28.58;26.3;28.5;12740210;
2026-03-05;ADH;29.5;30.55;29.3;30.55;22991603;
2026-03-06;ADH;31.2;31.6;29.1;30.0;25625625;
2026-03-09;ADH;28.98;29.1;27.91;28.0;9459982;
2026-03-10;ADH;29.9;29.9;29.0;29.0;8007318;
2026-03-11;ADH;29.28;29.5;29.0;29.29;2541293;
2026-03-12;ADH;29.8;29.8;28.51;29.0;2531313;
2026-03-13;ADH;29.0;29.2;28.05;28.79;4057898;
2026-03-16;ADH;28.45;28.7;28.0;28.7;1978398;
2026-03-17;ADH;29.0;29.38;29.0;29.38;1115776;
2026-03-18;ADH;29.2;30.98;29.2;29.95;4128220;
2026-03-19;ADH;29.9;30.0;29.0;29.06;3604314;
2026-03-24;ADH;29.79;29.79;28.83;29.5;10379669;
2026-03-25;ADH;29.62;30.0;29.0;30.0;8845674;
2026-03-26;ADH;29.96;29.96;29.1;29.1;2971695;
2026-03-27;ADH;29.6;29.99;29.16;29.99;26697587;
2026-03-30;ADH;29.49;29.8;29.4;29.5;1118049;
2026-03-31;ADH;29.69;29.69;29.0;29.15;6593120;
2026-04-01;ADH;29.5;32.05;29.5;31.56;31194340;
2026-04-02;ADH;31.0;33.43;31.0;32.25;39915562;
2026-04-03;ADH;32.55;32.65;31.7;31.7;15110997;
2026-04-06;ADH;31.95;33.0;31.5;31.5;21734220;
2026-04-07;ADH;32.3;32.3;31.01;31.49;5590399;
2026-04-08;ADH;33.2;34.48;33.08;34.48;43269754;
2026-04-09;ADH;34.39;34.39;33.4;34.25;7311154;
2026-04-10;ADH;34.0;35.5;34.0;34.71;21939521;
2026-04-13;ADH;33.64;34.3;33.0;34.05;31619207;
2026-04-14;ADH;34.52;35.9;34.52;35.45;24898402;
2026-04-15;ADH;35.75;36.6;35.29;35.29;21944434;
2026-04-16;ADH;35.45;36.2;35.03;35.4;5111179;
2026-04-17;ADH;35.2;37.6;35.2;36.1;61374119;
2026-04-20;ADH;35.36;35.9;35.11;35.6;20945740;
2026-04-21;ADH;35.4;36.4;35.4;36.0;14393485;
2026-04-22;ADH;36.0;36.0;34.0;35.5;7243110;
2026-04-23;ADH;35.36;35.94;35.36;35.6;3994498;
2026-04-24;ADH;35.21;35.98;34.92;35.3;13092089;
2026-04-27;ADH;35.2;35.8;35.0;35.2;1886548;
2026-04-28;ADH;35.11;35.5;34.95;34.95;6060502;
2026-04-29;ADH;34.96;34.96;34.0;34.21;12077996;
2026-04-30;ADH;34.0;34.01;33.41;33.41;8254191;
2026-05-04;ADH;33.55;34.9;33.5;34.0;2835490;
2026-05-05;ADH;33.57;33.89;32.9;33.2;3118959;
2026-05-06;ADH;33.95;34.87;33.35;34.41;7518644;
2026-05-07;ADH;34.88;35.25;34.65;35.0;7740296;
2026-05-08;ADH;34.7;34.7;34.13;34.5;3135182;
2026-05-11;ADH;34.26;34.48;33.2;33.2;6898159;
2026-05-12;ADH;33.5;33.97;32.96;33.4;3176324;
2026-05-13;ADH;33.21;33.4;32.32;32.32;5916561;
2026-05-14;ADH;33.0;33.84;32.5;32.7;2193443;
2026-05-15;ADH;32.8;33.0;32.0;32.5;4736258;
2026-05-18;ADH;32.0;32.5;31.7;31.9;2118528;
2026-05-19;ADH;31.93;32.5;31.0;31.0;4713166;
2026-05-20;ADH;31.1;31.48;30.6;31.36;1807163;
2026-05-21;ADH;31.4;31.95;31.22;31.6;3047561;
2026-05-22;ADH;31.94;31.94;31.23;31.69;2880106;
2026-05-25;ADH;32.32;32.99;32.11;32.99;7072774;
2026-05-26;ADH;32.69;32.8;31.62;32.8;9861902;
2026-06-01;ADH;33.44;33.44;32.16;32.9;3293981;
2026-06-02;ADH;33.15;33.15;31.1;31.52;3695482;
2026-06-03;ADH;31.02;32.6;31.02;32.05;6914546;
2026-06-04;ADH;32.0;32.58;32.0;32.5;1643611;
2026-06-05;ADH;32.0;32.46;31.84;32.0;5440615;
2026-06-08;ADH;32.0;32.0;31.09;32.0;56758;
2026-06-09;ADH;32.2;32.48;31.0;32.2;176437;
2026-06-10;ADH;31.2;31.7;30.75;31.2;289477;
2026-06-11;ADH;30.0;31.19;29.95;30.0;546248;
2026-06-12;ADH;31.99;31.99;31.02;31.99;400370;
2026-06-15;ADH;35.0;35.0;32.64;35.0;622912;
2026-06-16;ADH;36.7;37.48;36.04;36.7;1282337;
2026-06-18;ADH;36.04;36.04;35.34;35.34;1282337;
2026-06-19;ADH;36.7;36.8;35.2;35.98;8591230;
2026-06-25;ADH;34.63;35.2;34.63;35.2;69299;
2026-06-26;ADH;34.71;34.71;34.65;34.65;21907;
2026-06-29;ADH;34.6;34.6;34.3;34.3;39578;
2026-06-30;ADH;34.7;34.7;34.2;34.2;29514;
2026-07-01;ADH;35.0;35.0;34.9;34.9;82782;
2026-07-02;ADH;34.2;34.96;34.2;34.96;49083;
2026-07-03;ADH;35.0;35.0;35.0;35.0;6090;
2026-07-06;ADH;35.23;35.38;35.23;35.38;388189;
2026-07-07;ADH;35.3;35.3;35.25;35.25;1002615;
2026-07-08;ADH;35.01;35.01;34.8;34.8;1207003;
2026-07-09;ADH;34.35;34.37;34.35;34.37;124625;
2026-07-10;ADH;34.11;34.5;34.11;34.5;41676;
2026-07-13;ADH;34.0;34.11;34.0;34.11;125968;
2026-07-14;ADH;33.61;33.61;33.5;33.5;401397;
2026-07-15;ADH;33.1;33.2;33.1;33.2;111054;
2026-07-16;ADH;33.31;33.5;33.31;33.5;132124;
2026-07-17;ADH;33.42;33.42;33.4;33.4;31563;
2026-07-20;ADH;33.77;33.77;32.5;32.5;2526173;
2026-07-21;ADH;32.52;32.52;32.27;32.27;69961;
2026-07-22;ADH;32.8;32.8;32.15;32.15;20350;
2026-07-23;ADH;33.0;33.0;32.74;32.74;100217;
2026-07-24;ADH;32.8;32.8;32.6;32.6;102983;
2026-07-27;ADH;33.69;33.69;32.6;32.6;209911;
2026-07-28;ADH;33.49;33.49;32.81;32.81;119067;
2026-07-29;ADH;34.89;34.89;34.5;34.5;3169894;
2026-07-31;ADH;34.49;35.36;33.62;35.36;10771795;
2026-08-03;ADH;35.3;35.35;35.3;35.35;1664454;
2026-08-04;ADH;36.02;37.3;36.02;37.0;67579524;
2026-08-05;ADH;36.85;36.99;36.13;36.5;5101836;
2026-08-06;ADH;36.11;37.0;36.11;37.0;19834639;
2026-08-07;ADH;36.8;37.99;36.8;37.59;649406;
2026-08-10;ADH;37.05;37.78;36.8;36.84;552078;
2026-08-11;ADH;36.4;36.4;35.9;36.0;241208;
2026-08-12;ADH;36.0;36.01;35.85;36.0;255174;
2026-08-13;ADH;36.0;36.0;35.63;36.0;54156;
2026-08-17;ADH;36.0;36.0;35.11;35.98;93252;
2026-08-18;ADH;35.98;36.0;35.32;36.0;82815;
2026-08-19;ADH;35.52;37.48;35.52;37.48;282996;
2026-08-24;ADH;37.25;37.25;36.8;36.8;235183;
2026-08-27;ADH;36.41;36.95;36.41;36.95;66415;
2026-08-28;ADH;36.31;36.64;36.05;36.05;133450;
2026-08-31;ADH;36.49;36.49;34.51;34.51;254908;
2026-09-01;ADH;35.69;35.69;34.92;35.57;51959;
2026-09-02;ADH;35.8;35.8;35.11;35.5;14340;
2026-09-03;ADH;35.7;35.7;35.0;35.49;16645;
2026-09-04;ADH;35.6;35.6;35.02;35.02;35367;
2026-09-07;ADH;35.02;35.59;35.02;35.44;53897;
2026-09-08;ADH;35.02;35.5;35.02;35.5;262326;
2026-09-09;ADH;35.3;35.45;35.05;35.45;88731;
2026-09-10;ADH;35.44;35.75;35.44;35.75;199597;
2026-09-11;ADH;35.3;35.3;35.2;35.3;20232;
2026-09-14;ADH;35.4;35.4;34.5;34.55;43938;
2026-09-15;ADH;34.21;34.39;34.0;34.39;79517;
2026-09-16;ADH;33.51;33.98;33.51;33.97;79429;
2026-09-18;ADH;33.96;34.89;32.5;32.5;280499;
2026-09-21;ADH;32.6;33.5;32.4;33.5;60958;
2026-09-22;ADH;33.2;34.59;33.2;34.49;87578;
2026-09-23;ADH;34.0;34.57;34.0;34.1;125495;
2026-09-24;ADH;34.02;34.25;33.55;33.8;159265;
2026-09-25;ADH;33.79;33.79;33.15;33.59;226856;
